<?xml version="1.0" encoding="utf-8" standalone="yes"?>
<rss version="2.0" xmlns:atom="http://www.w3.org/2005/Atom">
  <channel>
    <title>Tags on </title>
    <link>/tags/</link>
    <description>Recent content in Tags on </description>
    <generator>Hugo -- gohugo.io</generator>
    <language>eu-ES</language>
    <copyright>KMK © 2022</copyright>
    <lastBuildDate>Sat, 04 Mar 2023 19:00:00 +0000</lastBuildDate><atom:link href="/tags/index.xml" rel="self" type="application/rss+xml" />
    <item>
      <title>feminismoak</title>
      <link>/tags/feminismoak/</link>
      <pubDate>Sat, 04 Mar 2023 19:00:00 +0000</pubDate>
      
      <guid>/tags/feminismoak/</guid>
      <description></description>
    </item>
    
    <item>
      <title>gaurkotasuna</title>
      <link>/tags/gaurkotasuna/</link>
      <pubDate>Sat, 04 Mar 2023 19:00:00 +0000</pubDate>
      
      <guid>/tags/gaurkotasuna/</guid>
      <description></description>
    </item>
    
    <item>
      <title>gorrotoa-sareetan</title>
      <link>/tags/gorrotoa-sareetan/</link>
      <pubDate>Sat, 04 Mar 2023 19:00:00 +0000</pubDate>
      
      <guid>/tags/gorrotoa-sareetan/</guid>
      <description></description>
    </item>
    
    <item>
      <title>umorea</title>
      <link>/tags/umorea/</link>
      <pubDate>Sat, 04 Mar 2023 19:00:00 +0000</pubDate>
      
      <guid>/tags/umorea/</guid>
      <description></description>
    </item>
    
    <item>
      <title>zaintzak</title>
      <link>/tags/zaintzak/</link>
      <pubDate>Sat, 04 Mar 2023 19:00:00 +0000</pubDate>
      
      <guid>/tags/zaintzak/</guid>
      <description></description>
    </item>
    
    <item>
      <title>autoekoizpena-vs-ekoizpen-publikoak</title>
      <link>/tags/autoekoizpena-vs-ekoizpen-publikoak/</link>
      <pubDate>Sat, 04 Mar 2023 11:00:00 +0000</pubDate>
      
      <guid>/tags/autoekoizpena-vs-ekoizpen-publikoak/</guid>
      <description></description>
    </item>
    
    <item>
      <title>entzuleen-sustapena</title>
      <link>/tags/entzuleen-sustapena/</link>
      <pubDate>Sat, 04 Mar 2023 11:00:00 +0000</pubDate>
      
      <guid>/tags/entzuleen-sustapena/</guid>
      <description></description>
    </item>
    
    <item>
      <title>euskararen-erabilera-gai–desberdinetan</title>
      <link>/tags/euskararen-erabilera-gaidesberdinetan/</link>
      <pubDate>Sat, 04 Mar 2023 11:00:00 +0000</pubDate>
      
      <guid>/tags/euskararen-erabilera-gaidesberdinetan/</guid>
      <description></description>
    </item>
    
    <item>
      <title>gaien-aukeraketa</title>
      <link>/tags/gaien-aukeraketa/</link>
      <pubDate>Sat, 04 Mar 2023 11:00:00 +0000</pubDate>
      
      <guid>/tags/gaien-aukeraketa/</guid>
      <description></description>
    </item>
    
    <item>
      <title>ekoizpena</title>
      <link>/tags/ekoizpena/</link>
      <pubDate>Fri, 03 Mar 2023 19:00:00 +0000</pubDate>
      
      <guid>/tags/ekoizpena/</guid>
      <description></description>
    </item>
    
    <item>
      <title>etorkizuna</title>
      <link>/tags/etorkizuna/</link>
      <pubDate>Fri, 03 Mar 2023 19:00:00 +0000</pubDate>
      
      <guid>/tags/etorkizuna/</guid>
      <description></description>
    </item>
    
    <item>
      <title>joerak</title>
      <link>/tags/joerak/</link>
      <pubDate>Fri, 03 Mar 2023 19:00:00 +0000</pubDate>
      
      <guid>/tags/joerak/</guid>
      <description></description>
    </item>
    
    <item>
      <title>lehia</title>
      <link>/tags/lehia/</link>
      <pubDate>Fri, 03 Mar 2023 19:00:00 +0000</pubDate>
      
      <guid>/tags/lehia/</guid>
      <description></description>
    </item>
    
    <item>
      <title>bitartekoak</title>
      <link>/tags/bitartekoak/</link>
      <pubDate>Thu, 02 Mar 2023 19:00:00 +0000</pubDate>
      
      <guid>/tags/bitartekoak/</guid>
      <description></description>
    </item>
    
    <item>
      <title>dibulgazioa</title>
      <link>/tags/dibulgazioa/</link>
      <pubDate>Thu, 02 Mar 2023 19:00:00 +0000</pubDate>
      
      <guid>/tags/dibulgazioa/</guid>
      <description></description>
    </item>
    
    <item>
      <title>edukien hautaketa</title>
      <link>/tags/edukien-hautaketa/</link>
      <pubDate>Thu, 02 Mar 2023 19:00:00 +0000</pubDate>
      
      <guid>/tags/edukien-hautaketa/</guid>
      <description></description>
    </item>
    
    <item>
      <title>historia</title>
      <link>/tags/historia/</link>
      <pubDate>Thu, 02 Mar 2023 19:00:00 +0000</pubDate>
      
      <guid>/tags/historia/</guid>
      <description></description>
    </item>
    
    <item>
      <title>kanalak</title>
      <link>/tags/kanalak/</link>
      <pubDate>Thu, 02 Mar 2023 19:00:00 +0000</pubDate>
      
      <guid>/tags/kanalak/</guid>
      <description></description>
    </item>
    
    <item>
      <title>kultura-artea</title>
      <link>/tags/kultura-artea/</link>
      <pubDate>Thu, 02 Mar 2023 19:00:00 +0000</pubDate>
      
      <guid>/tags/kultura-artea/</guid>
      <description></description>
    </item>
    
    <item>
      <title>podcast-kontsumoa(merkatua)</title>
      <link>/tags/podcast-kontsumoamerkatua/</link>
      <pubDate>Thu, 02 Mar 2023 19:00:00 +0000</pubDate>
      
      <guid>/tags/podcast-kontsumoamerkatua/</guid>
      <description></description>
    </item>
    
    <item>
      <title>publikoak</title>
      <link>/tags/publikoak/</link>
      <pubDate>Thu, 02 Mar 2023 19:00:00 +0000</pubDate>
      
      <guid>/tags/publikoak/</guid>
      <description></description>
    </item>
    
    <item>
      <title>boom-podcast-pandemia-garaian/ondoren</title>
      <link>/tags/boom-podcast-pandemia-garaian/ondoren/</link>
      <pubDate>Mon, 01 Jan 0001 00:00:00 +0000</pubDate>
      
      <guid>/tags/boom-podcast-pandemia-garaian/ondoren/</guid>
      <description></description>
    </item>
    
    <item>
      <title>edukiaren/ekipoaren-hautaketa</title>
      <link>/tags/edukiaren/ekipoaren-hautaketa/</link>
      <pubDate>Mon, 01 Jan 0001 00:00:00 +0000</pubDate>
      
      <guid>/tags/edukiaren/ekipoaren-hautaketa/</guid>
      <description></description>
    </item>
    
  </channel>
</rss>
