<?xml version="1.0" encoding="utf-8" standalone="yes"?>
<rss version="2.0" xmlns:atom="http://www.w3.org/2005/Atom">
  <channel>
    <title>edukiaren/ekipoaren-hautaketa on </title>
    <link>/tags/edukiaren/ekipoaren-hautaketa/</link>
    <description>Recent content in edukiaren/ekipoaren-hautaketa on </description>
    <generator>Hugo -- gohugo.io</generator>
    <language>eu-ES</language>
    <copyright>KMK © 2022</copyright><atom:link href="/tags/edukiaren/ekipoaren-hautaketa/index.xml" rel="self" type="application/rss+xml" />
    <item>
      <title>Podcastaren orainaren eta etorkizunaren azterketa</title>
      <link>/programa/martxoak-2-ostirala/</link>
      <pubDate>Fri, 03 Mar 2023 19:00:00 +0000</pubDate>
      
      <guid>/programa/martxoak-2-ostirala/</guid>
      <description>Saioa zer den Fikzioko/narrazioko podcasta sortzea, ekoiztea, garatzea eta hautatzea. Podcasten booma nora bideratzen da.
Zer interesatzen zaigun Ezaugarri horiek dituen podcast bat eta neurri handiko podcast plataforma baten modus operandi bat nola jaiotzen eta garatzen den barrutik ezagutzea.</description>
    </item>
    
  </channel>
</rss>
