<?xml version="1.0" encoding="utf-8" standalone="yes"?>
<rss version="2.0" xmlns:atom="http://www.w3.org/2005/Atom">
  <channel>
    <title>humor on </title>
    <link>/es/tags/humor/</link>
    <description>Recent content in humor on </description>
    <generator>Hugo -- gohugo.io</generator>
    <language>es-ES</language>
    <copyright>KMK © 2022</copyright>
    <lastBuildDate>Sat, 04 Mar 2023 19:00:00 +0000</lastBuildDate><atom:link href="/es/tags/humor/index.xml" rel="self" type="application/rss+xml" />
    <item>
      <title>Tarde: Actualidad con perspectiva de género (racializado?)</title>
      <link>/es/programa/marzo-4-sabado-tarde/</link>
      <pubDate>Sat, 04 Mar 2023 19:00:00 +0000</pubDate>
      
      <guid>/es/programa/marzo-4-sabado-tarde/</guid>
      <description>De qué va la sesión Podcasts creados desde la perspectiva de género y raza al margen de lo hegemónico.
Qué nos interesa Buscar el diálogo sobre el boom de los podcasts con temática feminista, sobre la necesidad de la re-narración con perspectiva de género, el privilegio de las voces heteronormativas, sobre el trabajo que hay por hacer. Feminismos desde distintas perspectivas, importancia de la militancia, cuidado &amp;amp; odio RRSS.</description>
    </item>
    
  </channel>
</rss>
