<?xml version="1.0" encoding="utf-8" standalone="yes"?>
<rss version="2.0" xmlns:atom="http://www.w3.org/2005/Atom">
  <channel>
    <title>públicos on </title>
    <link>/es/tags/p%C3%BAblicos/</link>
    <description>Recent content in públicos on </description>
    <generator>Hugo -- gohugo.io</generator>
    <language>es-ES</language>
    <copyright>KMK © 2022</copyright>
    <lastBuildDate>Thu, 02 Mar 2023 19:00:00 +0000</lastBuildDate><atom:link href="/es/tags/p%C3%BAblicos/index.xml" rel="self" type="application/rss+xml" />
    <item>
      <title>Retomando el sonido de la cultura de divulgación</title>
      <link>/es/programa/marzo-2-jueves/</link>
      <pubDate>Thu, 02 Mar 2023 19:00:00 +0000</pubDate>
      
      <guid>/es/programa/marzo-2-jueves/</guid>
      <description>De qué va la sesión Creación de contenidos para la divulgación, desde cuatro temas/disciplinas diferentes.
— Criminología y sucesos, ciencia, historia eta arte.
Qué nos interesa Conocer la diversidad de contenidos que se están generando y cómo se abordan desde temas “más minoritarios a menos” así como la diversidad de medios y canales para poder abordarlos.</description>
    </item>
    
  </channel>
</rss>
