<?xml version="1.0" encoding="utf-8" standalone="yes"?>
<rss version="2.0" xmlns:atom="http://www.w3.org/2005/Atom">
  <channel>
    <title>etorkizuna on </title>
    <link>/tags/etorkizuna/</link>
    <description>Recent content in etorkizuna on </description>
    <generator>Hugo -- gohugo.io</generator>
    <language>eu-ES</language>
    <copyright>KMK © 2022</copyright>
    <lastBuildDate>Fri, 03 Mar 2023 19:00:00 +0000</lastBuildDate><atom:link href="/tags/etorkizuna/index.xml" rel="self" type="application/rss+xml" />
    <item>
      <title>Podcastaren orainaren eta etorkizunaren azterketa</title>
      <link>/programa/martxoak-2-ostirala/</link>
      <pubDate>Fri, 03 Mar 2023 19:00:00 +0000</pubDate>
      
      <guid>/programa/martxoak-2-ostirala/</guid>
      <description>Saioa zer den Fikzioko/narrazioko podcasta sortzea, ekoiztea, garatzea eta hautatzea. Podcasten booma nora bideratzen da.
Zer interesatzen zaigun Ezaugarri horiek dituen podcast bat eta neurri handiko podcast plataforma baten modus operandi bat nola jaiotzen eta garatzen den barrutik ezagutzea.</description>
    </item>
    
  </channel>
</rss>
