<?xml version="1.0" encoding="utf-8" standalone="yes"?>
<rss version="2.0" xmlns:atom="http://www.w3.org/2005/Atom">
  <channel>
    <title>Canal de curiosidades on </title>
    <link>/es/canal-curiosidades/</link>
    <description>Recent content in Canal de curiosidades on </description>
    <generator>Hugo -- gohugo.io</generator>
    <language>es-ES</language>
    <copyright>KMK © 2022</copyright><atom:link href="/es/canal-curiosidades/index.xml" rel="self" type="application/rss+xml" />
  </channel>
</rss>
