<?xml version="1.0" encoding="utf-8" standalone="yes"?>
<rss version="2.0" xmlns:atom="http://www.w3.org/2005/Atom">
  <channel>
    <title>autoekoizpena-vs-ekoizpen-publikoak on </title>
    <link>/tags/autoekoizpena-vs-ekoizpen-publikoak/</link>
    <description>Recent content in autoekoizpena-vs-ekoizpen-publikoak on </description>
    <generator>Hugo -- gohugo.io</generator>
    <language>eu-ES</language>
    <copyright>KMK © 2022</copyright>
    <lastBuildDate>Sat, 04 Mar 2023 11:00:00 +0000</lastBuildDate><atom:link href="/tags/autoekoizpena-vs-ekoizpen-publikoak/index.xml" rel="self" type="application/rss+xml" />
    <item>
      <title>Goiza: EUSKALPODKASTGINTZA</title>
      <link>/programa/martxoak-4-larunbata-goiza/</link>
      <pubDate>Sat, 04 Mar 2023 11:00:00 +0000</pubDate>
      
      <guid>/programa/martxoak-4-larunbata-goiza/</guid>
      <description>Saioa zer den Podcast-ekoizpena euskaraz.
Zer interesatzen zaigun Euskarazko podcast ekoizpenera hurbiltzea hainbat eduki eta formatutatik.</description>
    </item>
    
  </channel>
</rss>
