<?xml version="1.0" encoding="utf-8" standalone="yes"?>
<rss version="2.0" xmlns:atom="http://www.w3.org/2005/Atom">
  <channel>
    <title>Programa on </title>
    <link>/programa/</link>
    <description>Recent content in Programa on </description>
    <generator>Hugo -- gohugo.io</generator>
    <language>eu-ES</language>
    <copyright>KMK © 2022</copyright>
    <lastBuildDate>Sat, 04 Mar 2023 19:00:00 +0000</lastBuildDate><atom:link href="/programa/index.xml" rel="self" type="application/rss+xml" />
    <item>
      <title>Arratsaldea: otasuna genero ikuspegiarekin (Arraza artekoa?)</title>
      <link>/programa/martxoak-4-larunbata-arratsaldea/</link>
      <pubDate>Sat, 04 Mar 2023 19:00:00 +0000</pubDate>
      
      <guid>/programa/martxoak-4-larunbata-arratsaldea/</guid>
      <description>Saioa zer den Generoaren eta arrazaren ikuspegitik sortutako podcastak, hegemonikoa dena alde batera utzita.
Zer interesatzen zaigun Gai feministetako podcasten boomari buruzko elkarrizketa bilatzea, genero-ikuspegidun berrnarrazioaren beharrari buruzkoa, ahots heteronormatiboen pribilegioari buruzkoa, egiteko dagoen lanari buruzkoa Feminismoak ikuspegi desberdinetatik, militantziaren garrantzia, sare sozialen gorrotoa zaintzea.</description>
    </item>
    
    <item>
      <title>Goiza: EUSKALPODKASTGINTZA</title>
      <link>/programa/martxoak-4-larunbata-goiza/</link>
      <pubDate>Sat, 04 Mar 2023 11:00:00 +0000</pubDate>
      
      <guid>/programa/martxoak-4-larunbata-goiza/</guid>
      <description>Saioa zer den Podcast-ekoizpena euskaraz.
Zer interesatzen zaigun Euskarazko podcast ekoizpenera hurbiltzea hainbat eduki eta formatutatik.</description>
    </item>
    
    <item>
      <title>Podcastaren orainaren eta etorkizunaren azterketa</title>
      <link>/programa/martxoak-2-ostirala/</link>
      <pubDate>Fri, 03 Mar 2023 19:00:00 +0000</pubDate>
      
      <guid>/programa/martxoak-2-ostirala/</guid>
      <description>Saioa zer den Fikzioko/narrazioko podcasta sortzea, ekoiztea, garatzea eta hautatzea. Podcasten booma nora bideratzen da.
Zer interesatzen zaigun Ezaugarri horiek dituen podcast bat eta neurri handiko podcast plataforma baten modus operandi bat nola jaiotzen eta garatzen den barrutik ezagutzea.</description>
    </item>
    
    <item>
      <title>Dibulgazio Kulturaren soinuari berriro helduz</title>
      <link>/programa/martxoak-2-osteguna/</link>
      <pubDate>Thu, 02 Mar 2023 19:00:00 +0000</pubDate>
      
      <guid>/programa/martxoak-2-osteguna/</guid>
      <description>Saioa zer den Edukiak sortzea, lau gai/diziplina desberdinetatik eduki mota desberdinak zabaltzeko.
— Kriminologia eta gertakariak, zientzia, historia eta artea.
Zer interesatzen zaigun Sortzen ari diren edukien aniztasuna ezagutzea, eta nola lantzen diren gai «elitistagoetatik edo gutxiagotatik», baita horiei heltzeko bitartekoen eta kanalen aniztasuna ere.</description>
    </item>
    
  </channel>
</rss>
