<?xml version="1.0" encoding="utf-8" standalone="yes"?>
<rss version="2.0" xmlns:atom="http://www.w3.org/2005/Atom">
  <channel>
    <title>gaien-aukeraketa on </title>
    <link>/es/tags/gaien-aukeraketa/</link>
    <description>Recent content in gaien-aukeraketa on </description>
    <generator>Hugo -- gohugo.io</generator>
    <language>es-ES</language>
    <copyright>KMK © 2022</copyright>
    <lastBuildDate>Sat, 04 Mar 2023 10:00:00 +0000</lastBuildDate><atom:link href="/es/tags/gaien-aukeraketa/index.xml" rel="self" type="application/rss+xml" />
    <item>
      <title>Matinal: EUSKALPODKASTGINTZA</title>
      <link>/es/programa/marzo-4-sabado-matinal/</link>
      <pubDate>Sat, 04 Mar 2023 10:00:00 +0000</pubDate>
      
      <guid>/es/programa/marzo-4-sabado-matinal/</guid>
      <description>De qué va la sesión Producción de podcast en euskera.
Qué nos interesa Aproximarnos a la producción de podcast en euskera desde diversos contenidos y formatos.</description>
    </item>
    
  </channel>
</rss>
