<?xml version="1.0" encoding="utf-8" standalone="yes"?>
<rss version="2.0" xmlns:atom="http://www.w3.org/2005/Atom">
  <channel>
    <title>bitartekoak on </title>
    <link>/tags/bitartekoak/</link>
    <description>Recent content in bitartekoak on </description>
    <generator>Hugo -- gohugo.io</generator>
    <language>eu-ES</language>
    <copyright>KMK © 2022</copyright>
    <lastBuildDate>Thu, 02 Mar 2023 19:00:00 +0000</lastBuildDate><atom:link href="/tags/bitartekoak/index.xml" rel="self" type="application/rss+xml" />
    <item>
      <title>Dibulgazio Kulturaren soinuari berriro helduz</title>
      <link>/programa/martxoak-2-osteguna/</link>
      <pubDate>Thu, 02 Mar 2023 19:00:00 +0000</pubDate>
      
      <guid>/programa/martxoak-2-osteguna/</guid>
      <description>Saioa zer den Edukiak sortzea, lau gai/diziplina desberdinetatik eduki mota desberdinak zabaltzeko.
— Kriminologia eta gertakariak, zientzia, historia eta artea.
Zer interesatzen zaigun Sortzen ari diren edukien aniztasuna ezagutzea, eta nola lantzen diren gai «elitistagoetatik edo gutxiagotatik», baita horiei heltzeko bitartekoen eta kanalen aniztasuna ere.</description>
    </item>
    
  </channel>
</rss>
