<?xml version="1.0" encoding="utf-8" standalone="yes"?>
<rss version="2.0" xmlns:atom="http://www.w3.org/2005/Atom">
  <channel>
    <title>Agenda hedatua on </title>
    <link>/agenda-hedatua/</link>
    <description>Recent content in Agenda hedatua on </description>
    <generator>Hugo -- gohugo.io</generator>
    <language>eu-ES</language>
    <copyright>KMK © 2022</copyright>
    <lastBuildDate>Thu, 27 Oct 2022 19:00:00 +0000</lastBuildDate><atom:link href="/agenda-hedatua/index.xml" rel="self" type="application/rss+xml" />
    <item>
      <title>Stephan Levallois eta María Herreros</title>
      <link>/agenda-hedatua/stephan-levallois-maria-herreros/</link>
      <pubDate>Thu, 27 Oct 2022 19:00:00 +0000</pubDate>
      
      <guid>/agenda-hedatua/stephan-levallois-maria-herreros/</guid>
      <description>Munstroak zineman eta komikian Moderatzailea Asier Mensuro</description>
    </item>
    
    <item>
      <title>Óscar Aibar eta Chema García</title>
      <link>/agenda-hedatua/oscar-aibar-chema-garcia/</link>
      <pubDate>Mon, 17 Oct 2022 19:00:00 +0000</pubDate>
      
      <guid>/agenda-hedatua/oscar-aibar-chema-garcia/</guid>
      <description>Komikia, animazioa eta zinema Moderatzailea Elizabeth Casillas</description>
    </item>
    
    <item>
      <title>Fermín Solís eta Paul Urkijo</title>
      <link>/agenda-hedatua/fermin-solis-paul-urkijo/</link>
      <pubDate>Wed, 05 Oct 2022 19:00:00 +0000</pubDate>
      
      <guid>/agenda-hedatua/fermin-solis-paul-urkijo/</guid>
      <description>Komikia mugimenduan, zinema paper gainean Moderatzailea Borja Crespo</description>
    </item>
    
    <item>
      <title>Laura Pérez eta Darío Adanti</title>
      <link>/agenda-hedatua/laura-perez-dario-adanti/</link>
      <pubDate>Wed, 28 Sep 2022 19:00:00 +0000</pubDate>
      
      <guid>/agenda-hedatua/laura-perez-dario-adanti/</guid>
      <description>Ikusentzunezko sorkuntza hedatua Moderatzailea Borja Crespo</description>
    </item>
    
  </channel>
</rss>
