<?xml version="1.0" encoding="utf-8" standalone="yes"?>
<rss version="2.0" xmlns:atom="http://www.w3.org/2005/Atom">
  <channel>
    <title>boom-podcast-pandemia-durante/ondoren on </title>
    <link>/es/tags/boom-podcast-pandemia-durante/ondoren/</link>
    <description>Recent content in boom-podcast-pandemia-durante/ondoren on </description>
    <generator>Hugo -- gohugo.io</generator>
    <language>es-ES</language>
    <copyright>KMK © 2022</copyright><atom:link href="/es/tags/boom-podcast-pandemia-durante/ondoren/index.xml" rel="self" type="application/rss+xml" />
    <item>
      <title>Análisis del presente y futuro del podcast</title>
      <link>/es/programa/marzo-3-viernes/</link>
      <pubDate>Fri, 03 Mar 2023 19:00:00 +0000</pubDate>
      
      <guid>/es/programa/marzo-3-viernes/</guid>
      <description>De qué va la sesión Gestación, producción, creación, desarrollo y selección de podcast de ficción/narrativa. Hacia dónde se dirige el boom de los podcasts.
Qué nos interesa Conocer desde dentro cómo nace y se desarrolla un podcast de estas características y el modus operandi de una plataforma de podcast de grandes dimensiones.</description>
    </item>
    
  </channel>
</rss>
