<?xml version="1.0" encoding="utf-8" standalone="yes"?>
<rss version="2.0" xmlns:atom="http://www.w3.org/2005/Atom">
  <channel>
    <title>zaintzak on </title>
    <link>/tags/zaintzak/</link>
    <description>Recent content in zaintzak on </description>
    <generator>Hugo -- gohugo.io</generator>
    <language>eu-ES</language>
    <copyright>KMK © 2022</copyright>
    <lastBuildDate>Sat, 04 Mar 2023 19:00:00 +0000</lastBuildDate><atom:link href="/tags/zaintzak/index.xml" rel="self" type="application/rss+xml" />
    <item>
      <title>Arratsaldea: otasuna genero ikuspegiarekin (Arraza artekoa?)</title>
      <link>/programa/martxoak-4-larunbata-arratsaldea/</link>
      <pubDate>Sat, 04 Mar 2023 19:00:00 +0000</pubDate>
      
      <guid>/programa/martxoak-4-larunbata-arratsaldea/</guid>
      <description>Saioa zer den Generoaren eta arrazaren ikuspegitik sortutako podcastak, hegemonikoa dena alde batera utzita.
Zer interesatzen zaigun Gai feministetako podcasten boomari buruzko elkarrizketa bilatzea, genero-ikuspegidun berrnarrazioaren beharrari buruzkoa, ahots heteronormatiboen pribilegioari buruzkoa, egiteko dagoen lanari buruzkoa Feminismoak ikuspegi desberdinetatik, militantziaren garrantzia, sare sozialen gorrotoa zaintzea.</description>
    </item>
    
  </channel>
</rss>
