<?xml version="1.0" encoding="utf-8" standalone="yes"?>
<rss version="2.0" xmlns:atom="http://www.w3.org/2005/Atom">
  <channel>
    <title>Tags on </title>
    <link>/es/tags/</link>
    <description>Recent content in Tags on </description>
    <generator>Hugo -- gohugo.io</generator>
    <language>es-ES</language>
    <copyright>KMK © 2022</copyright>
    <lastBuildDate>Sat, 04 Mar 2023 19:00:00 +0000</lastBuildDate><atom:link href="/es/tags/index.xml" rel="self" type="application/rss+xml" />
    <item>
      <title>actualidad</title>
      <link>/es/tags/actualidad/</link>
      <pubDate>Sat, 04 Mar 2023 19:00:00 +0000</pubDate>
      
      <guid>/es/tags/actualidad/</guid>
      <description></description>
    </item>
    
    <item>
      <title>cuidados</title>
      <link>/es/tags/cuidados/</link>
      <pubDate>Sat, 04 Mar 2023 19:00:00 +0000</pubDate>
      
      <guid>/es/tags/cuidados/</guid>
      <description></description>
    </item>
    
    <item>
      <title>feminismos</title>
      <link>/es/tags/feminismos/</link>
      <pubDate>Sat, 04 Mar 2023 19:00:00 +0000</pubDate>
      
      <guid>/es/tags/feminismos/</guid>
      <description></description>
    </item>
    
    <item>
      <title>humor</title>
      <link>/es/tags/humor/</link>
      <pubDate>Sat, 04 Mar 2023 19:00:00 +0000</pubDate>
      
      <guid>/es/tags/humor/</guid>
      <description></description>
    </item>
    
    <item>
      <title>odio-en-las-redes</title>
      <link>/es/tags/odio-en-las-redes/</link>
      <pubDate>Sat, 04 Mar 2023 19:00:00 +0000</pubDate>
      
      <guid>/es/tags/odio-en-las-redes/</guid>
      <description></description>
    </item>
    
    <item>
      <title>autoekoizpena-vs-ekoizpen-publikoak</title>
      <link>/es/tags/autoekoizpena-vs-ekoizpen-publikoak/</link>
      <pubDate>Sat, 04 Mar 2023 10:00:00 +0000</pubDate>
      
      <guid>/es/tags/autoekoizpena-vs-ekoizpen-publikoak/</guid>
      <description></description>
    </item>
    
    <item>
      <title>entzuleen-sustapena</title>
      <link>/es/tags/entzuleen-sustapena/</link>
      <pubDate>Sat, 04 Mar 2023 10:00:00 +0000</pubDate>
      
      <guid>/es/tags/entzuleen-sustapena/</guid>
      <description></description>
    </item>
    
    <item>
      <title>euskararen-erabilera-gai–desberdinetan</title>
      <link>/es/tags/euskararen-erabilera-gaidesberdinetan/</link>
      <pubDate>Sat, 04 Mar 2023 10:00:00 +0000</pubDate>
      
      <guid>/es/tags/euskararen-erabilera-gaidesberdinetan/</guid>
      <description></description>
    </item>
    
    <item>
      <title>gaien-aukeraketa</title>
      <link>/es/tags/gaien-aukeraketa/</link>
      <pubDate>Sat, 04 Mar 2023 10:00:00 +0000</pubDate>
      
      <guid>/es/tags/gaien-aukeraketa/</guid>
      <description></description>
    </item>
    
    <item>
      <title>competencia</title>
      <link>/es/tags/competencia/</link>
      <pubDate>Fri, 03 Mar 2023 19:00:00 +0000</pubDate>
      
      <guid>/es/tags/competencia/</guid>
      <description></description>
    </item>
    
    <item>
      <title>futuro</title>
      <link>/es/tags/futuro/</link>
      <pubDate>Fri, 03 Mar 2023 19:00:00 +0000</pubDate>
      
      <guid>/es/tags/futuro/</guid>
      <description></description>
    </item>
    
    <item>
      <title>producción</title>
      <link>/es/tags/producci%C3%B3n/</link>
      <pubDate>Fri, 03 Mar 2023 19:00:00 +0000</pubDate>
      
      <guid>/es/tags/producci%C3%B3n/</guid>
      <description></description>
    </item>
    
    <item>
      <title>tendencias</title>
      <link>/es/tags/tendencias/</link>
      <pubDate>Fri, 03 Mar 2023 19:00:00 +0000</pubDate>
      
      <guid>/es/tags/tendencias/</guid>
      <description></description>
    </item>
    
    <item>
      <title>canales</title>
      <link>/es/tags/canales/</link>
      <pubDate>Thu, 02 Mar 2023 19:00:00 +0000</pubDate>
      
      <guid>/es/tags/canales/</guid>
      <description></description>
    </item>
    
    <item>
      <title>consumo-de-podcast-(mercado)</title>
      <link>/es/tags/consumo-de-podcast-mercado/</link>
      <pubDate>Thu, 02 Mar 2023 19:00:00 +0000</pubDate>
      
      <guid>/es/tags/consumo-de-podcast-mercado/</guid>
      <description></description>
    </item>
    
    <item>
      <title>cultura-arte</title>
      <link>/es/tags/cultura-arte/</link>
      <pubDate>Thu, 02 Mar 2023 19:00:00 +0000</pubDate>
      
      <guid>/es/tags/cultura-arte/</guid>
      <description></description>
    </item>
    
    <item>
      <title>divulgación</title>
      <link>/es/tags/divulgaci%C3%B3n/</link>
      <pubDate>Thu, 02 Mar 2023 19:00:00 +0000</pubDate>
      
      <guid>/es/tags/divulgaci%C3%B3n/</guid>
      <description></description>
    </item>
    
    <item>
      <title>historia</title>
      <link>/es/tags/historia/</link>
      <pubDate>Thu, 02 Mar 2023 19:00:00 +0000</pubDate>
      
      <guid>/es/tags/historia/</guid>
      <description></description>
    </item>
    
    <item>
      <title>medios</title>
      <link>/es/tags/medios/</link>
      <pubDate>Thu, 02 Mar 2023 19:00:00 +0000</pubDate>
      
      <guid>/es/tags/medios/</guid>
      <description></description>
    </item>
    
    <item>
      <title>públicos</title>
      <link>/es/tags/p%C3%BAblicos/</link>
      <pubDate>Thu, 02 Mar 2023 19:00:00 +0000</pubDate>
      
      <guid>/es/tags/p%C3%BAblicos/</guid>
      <description></description>
    </item>
    
    <item>
      <title>selección-de-contenidos</title>
      <link>/es/tags/selecci%C3%B3n-de-contenidos/</link>
      <pubDate>Thu, 02 Mar 2023 19:00:00 +0000</pubDate>
      
      <guid>/es/tags/selecci%C3%B3n-de-contenidos/</guid>
      <description></description>
    </item>
    
    <item>
      <title>boom-podcast-pandemia-durante/ondoren</title>
      <link>/es/tags/boom-podcast-pandemia-durante/ondoren/</link>
      <pubDate>Mon, 01 Jan 0001 00:00:00 +0000</pubDate>
      
      <guid>/es/tags/boom-podcast-pandemia-durante/ondoren/</guid>
      <description></description>
    </item>
    
    <item>
      <title>selección-de-contenido/equipo</title>
      <link>/es/tags/selecci%C3%B3n-de-contenido/equipo/</link>
      <pubDate>Mon, 01 Jan 0001 00:00:00 +0000</pubDate>
      
      <guid>/es/tags/selecci%C3%B3n-de-contenido/equipo/</guid>
      <description></description>
    </item>
    
  </channel>
</rss>
