<?xml version="1.0" encoding="utf-8" standalone="yes"?>
<rss version="2.0" xmlns:atom="http://www.w3.org/2005/Atom">
  <channel>
    <title>Bitxikerien kanala on </title>
    <link>/bitxikerien-kanala/</link>
    <description>Recent content in Bitxikerien kanala on </description>
    <generator>Hugo -- gohugo.io</generator>
    <language>eu-ES</language>
    <copyright>KMK © 2022</copyright><atom:link href="/bitxikerien-kanala/index.xml" rel="self" type="application/rss+xml" />
  </channel>
</rss>
