<?xml version="1.0" encoding="utf-8" standalone="yes"?>
<rss version="2.0" xmlns:atom="http://www.w3.org/2005/Atom">
  <channel>
    <title>Index on </title>
    <link>/es/</link>
    <description>Recent content in Index on </description>
    <generator>Hugo -- gohugo.io</generator>
    <language>es-ES</language>
    <copyright>KMK © 2022</copyright>
    <lastBuildDate>Thu, 27 Oct 2022 19:00:00 +0000</lastBuildDate><atom:link href="/es/index.xml" rel="self" type="application/rss+xml" />
    <item>
      <title>Stephan Levallois y María Herreros</title>
      <link>/es/agenda-expandida/stephan-levallois-maria-herrerosx/</link>
      <pubDate>Thu, 27 Oct 2022 19:00:00 +0000</pubDate>
      
      <guid>/es/agenda-expandida/stephan-levallois-maria-herrerosx/</guid>
      <description>Monstruos en el cine y el cómic Modera Asier Mensuro</description>
    </item>
    
    <item>
      <title>Óscar Aibar y Chema García</title>
      <link>/es/agenda-expandida/oscar-aibar-chema-garcia/</link>
      <pubDate>Mon, 17 Oct 2022 19:00:00 +0000</pubDate>
      
      <guid>/es/agenda-expandida/oscar-aibar-chema-garcia/</guid>
      <description>Cómic, animación y cine Modera Elizabeth Casillas</description>
    </item>
    
    <item>
      <title>Fermín Solís y Paul Urkijo</title>
      <link>/es/agenda-expandida/fermin-solis-paul-urkijo/</link>
      <pubDate>Wed, 05 Oct 2022 19:00:00 +0000</pubDate>
      
      <guid>/es/agenda-expandida/fermin-solis-paul-urkijo/</guid>
      <description>Cómic en movimiento, cine sobre papel Modera Borja Crespo</description>
    </item>
    
    <item>
      <title>Laura Pérez y Darío Adanti</title>
      <link>/es/agenda-expandida/laura-perez-dario-adanti/</link>
      <pubDate>Wed, 28 Sep 2022 19:00:00 +0000</pubDate>
      
      <guid>/es/agenda-expandida/laura-perez-dario-adanti/</guid>
      <description>Creatividad visual expandida Modera Borja Crespo</description>
    </item>
    
  </channel>
</rss>
